<?xml version="1.0" encoding="UTF-8"?>
<project-private xmlns="http://www.netbeans.org/ns/project-private/1">
    <editor-bookmarks xmlns="http://www.netbeans.org/ns/editor-bookmarks/2" lastBookmarkId="0"/>
    <open-files xmlns="http://www.netbeans.org/ns/projectui-open-files/2">
        <group>
            <file>file:/C:/Users/96650/OneDrive/Desktop/lastWithNewList/JavaApplication1/src/collections/shoppingcart/Payment.java</file>
            <file>file:/C:/Users/96650/OneDrive/Desktop/lastWithNewList/JavaApplication1/src/collections/shoppingcart/UI.java</file>
            <file>file:/C:/Users/96650/OneDrive/Desktop/lastWithNewList/JavaApplication1/src/collections/shoppingcart/Products.java</file>
            <file>file:/C:/Users/96650/OneDrive/Desktop/lastWithNewList/JavaApplication1/src/collections/shoppingcart/Main.java</file>
            <file>file:/C:/Users/96650/OneDrive/Desktop/lastWithNewList/JavaApplication1/src/collections/shoppingcart/Product.java</file>
            <file>file:/C:/Users/96650/OneDrive/Desktop/lastWithNewList/JavaApplication1/src/collections/shoppingcart/Cart.java</file>
        </group>
    </open-files>
</project-private>
